sampler_label,aggregate_report_count,average,aggregate_report_min,aggregate_report_max,aggregate_report_90%_line,aggregate_report_stddev,aggregate_report_error%,aggregate_report_rate,aggregate_report_bandwidth,average_bytes
GET Request,80089,892,1,4721,1473,494.74405838089297,0.4370138221228883,667.7143690858311,1757.6730724889533,2695.5496385271385
TOTAL,80089,892,1,4721,1473,494.74405838089297,0.4370138221228883,667.7143690858311,1757.6730724889533,2695.5496385271385
