sampler_label,aggregate_report_count,average,aggregate_report_min,aggregate_report_max,aggregate_report_90%_line,aggregate_report_stddev,aggregate_report_error%,aggregate_report_rate,aggregate_report_bandwidth,average_bytes
GET Request,8201,182,2,947,404,159.2376892692661,0.034507986830874283,772.7315556393103,3508.4341579902007,4649.268625777344
TOTAL,8201,182,2,947,404,159.2376892692661,0.034507986830874283,772.7315556393103,3508.4341579902007,4649.268625777344
