sampler_label,aggregate_report_count,average,aggregate_report_min,aggregate_report_max,aggregate_report_90%_line,aggregate_report_stddev,aggregate_report_error%,aggregate_report_rate,aggregate_report_bandwidth,average_bytes
GET Request,279895,486,1,21121,975,607.8519282091722,0.4375497954590114,1080.6339523570518,2844.1032116580923,2695.049218456921
TOTAL,279895,486,1,21121,975,607.8519282091722,0.4375497954590114,1080.6339523570518,2844.1032116580923,2695.049218456921
