sampler_label,aggregate_report_count,average,aggregate_report_min,aggregate_report_max,aggregate_report_90%_line,aggregate_report_stddev,aggregate_report_error%,aggregate_report_rate,aggregate_report_bandwidth,average_bytes
GET Request,368836,704,1,36633,1334,1080.8549762818275,0.5511040137079894,1027.3639878332758,3304.6592894396636,3293.8385542625992
TOTAL,368836,704,1,36633,1334,1080.8549762818275,0.5511040137079894,1027.3639878332758,3304.6592894396636,3293.8385542625992
