sampler_label,aggregate_report_count,average,aggregate_report_min,aggregate_report_max,aggregate_report_90%_line,aggregate_report_stddev,aggregate_report_error%,aggregate_report_rate,aggregate_report_bandwidth,average_bytes
GET Request,51738,888,1,21042,872,2383.5743546673793,0.01099771927790019,808.8359440953005,2651.9272689788327,3357.3848235339597
TOTAL,51738,888,1,21042,872,2383.5743546673793,0.01099771927790019,808.8359440953005,2651.9272689788327,3357.3848235339597
